id_en	manual_location	manual_type	manual_alternative
en_1007	spouted	homographic	spouted
en_1015	dense	homographic	dense
en_102	downhill	homographic	downhill
en_103	grater	homophonic	greater
en_1031	inn	homophonic	in
en_1033	parkay	homophonic	parquet
en_1047	belle	homophonic	bell
en_1051	philately	homophonic	flatly
en_1059	tuna	homophonic	tune
en_1072	missing	homographic	missing
en_108	dough	homographic	dough
en_1084	flue	homophonic	flu
en_1085	reflective	homographic	reflective
en_110	glowingly	homographic	glowingly
en_1106	touch	homographic	touch
en_1107	acidly	homophonic	acid
en_111	flourly	homophonic	hourly
en_1120	harangue	homophonic	hang
en_1121	alarming	homophonic	alarm
en_114	arrangements	homographic	arrangements
en_1144	fetchingly	homophonic	fetch
en_1146	burning	homographic	burning
en_1157	sweat	homographic	sweat
en_116	sirius	homophonic	serious
en_1160	beaux	homophonic	bow
en_1169	class	homographic	class
en_1171	boiling	homographic	boiling
en_1176	point	homographic	point
en_1178	spice	homographic	spice
en_1181	uprooted	homographic	uprooted
en_1184	breaks	homophonic	brakes
en_1195	pipe	homographic	pipe
en_1204	lapp	homophonic	lap
en_1210	under	homographic	under
en_1211	pop	homographic	pop
en_1223	curs	homophonic	cures
en_1227	reservations	homographic	reservations
en_1231	buried	homographic	buried
en_1232	census	homophonic	senses
en_1233	offal	homophonic	awful
en_1248	turbulent	homographic	turbulent
en_1249	bristled	homographic	bristled
en_1252	kiln	homophonic	killing
en_1254	secretively	homophonic	secrete
en_1256	degree	homographic	degree
en_1262	eire	homophonic	air
en_1269	placidly	homophonic	placido
en_1270	seasonings	homophonic	seasons
en_1271	frictional	homophonic	fictional
en_1273	opposed	homographic	opposed
en_1279	latte	homophonic	late
en_1282	galleon	homophonic	gallon
en_1283	innocuous	homophonic	inoculate
en_1294	coached	homophonic	coach
en_1303	faculties	homographic	faculties
en_1305	derail	homographic	derail
en_1310	square	homographic	square
en_1330	mow	homophonic	more
en_1335	putting	homographic	putting
en_1345	dry	homographic	dry
en_1347	harried	homophonic	hairy
en_1349	shot	homographic	shot
en_135	soled	homophonic	sold
en_1350	steak	homophonic	stake
en_1354	altitude	homophonic	attitude
en_1355	professed	homophonic	professor
en_136	serve	homographic	serve
en_1360	shocking	homographic	shocking
en_1364	occident	homophonic	accident
en_1368	margarine	homophonic	margin
en_1370	reacting	homographic	reacting
en_1373	bombshell	homographic	bombshell
en_1376	abstinence	homophonic	absence 
en_1378	balls	homographic	balls
en_1382	dimes	homophonic	times
en_1383	argument	homographic	argument
en_1386	piously	homophonic	pi
en_1388	space	homographic	space
en_1399	boot	homographic	boot
en_14	right	homographic	right
en_140	mail	homophonic	male
en_1400	nicely	homophonic	Nice
en_1404	pullet	homophonic	bullet
en_1415	mass	homographic	mass
en_1418	disconnected	homographic	disconnected
en_1419	branch	homographic	branch
en_1421	iris	homophonic	irish
en_1427	expressions	homographic	expressions
en_143	state	homographic	state
en_1432	torrance	homophonic	torrents
en_1436	Chai	homophonic	try
en_1440	light	homographic	light
en_1446	swarm	homophonic	warm
en_1448	storey	homophonic	story
en_1449	connections	homographic	connections
en_1464	seriously	homophonic	sirius
en_1467	mine	homophonic	mind
en_1468	repress	homophonic	suppress
en_1475	veins	homophonic	vains
en_1485	grown	homophonic	groan
en_149	relief	homographic	relief
en_1494	heartless	homographic	heartless
en_1509	screen	homophonic	scheme
en_1515	steal	homographic	steal
en_1524	punch	homographic	punch
en_1528	licked	homographic	licked
en_1531	contentedly	homophonic	content
en_1533	puzzle	homographic	puzzle
en_1534	lute	homophonic	loot
en_1536	jumped	homographic	jumped
en_1539	foul	homophonic	fowl
en_1547	graze	homophonic	greys
en_1548	fly	homographic	fly
en_1551	cosine	homophonic	cosign
en_1553	mane	homophonic	main
en_156	sweeping	homographic	sweeping
en_157	bea	homophonic	bee
en_1572	cells	homographic	cells
en_1573	noted	homographic	noted
en_1575	assented	homophonic	sent
en_1579	clerical	homographic	clerical
en_1585	heat	homographic	heat
en_1587	landing	homographic	landing
en_1598	caw	homophonic	call
en_1599	space	homographic	space
en_160	bawled	homophonic	ball
en_1611	pistol	homophonic	pistil
en_1615	broth	homophonic	breath
en_1621	scratched	homographic	scratched
en_1622	see	homographic	see
en_1626	humerus	homophonic	humorous
en_1644	mussel	homophonic	muscle
en_1647	beat	homographic	beat
en_1649	deep	homographic	deep
en_1660	compliment	homophonic	complement
en_1669	wait	homophonic	weight
en_167	palms	homographic	palms
en_1672	sail	homophonic	sale
en_1674	continently	homophonic	continent
en_1688	interest	homographic	interest
en_169	maternity	homophonic	eternity
en_1701	blazes	homographic	blazes
en_1705	deep	homographic	deep
en_1711	fruitless	homographic	fruitless
en_1716	liquidation	homophonic	liquid
en_1721	uprooted	homographic	uprooted
en_1722	revolution	homophonic	resolution
en_1724	condiments	homophonic	condoms
en_1726	saving	homographic	saving
en_1727	footage	homophonic	foot
en_1733	vegas	homophonic	vaguest
en_1739	absorbed	homographic	absorbed
en_178	yuan	homophonic	yawn
en_1783	morel	homophonic	moral
en_1788	monet	homophonic	money
en_1794	curves	homographic	curves
en_1796	dam	homophonic	damn
en_1807	punctually	homophonic	puncture
en_1819	charmingly	homophonic	charm
en_1826	grossly	homophonic	gross
en_1835	ghost	homographic	ghost
en_1839	count	homographic	count
en_1849	drip	homophonic	lip
en_1850	urn	homophonic	earn
en_186	bravely	homophonic	brave
en_1865	count	homographic	count
en_187	easily	homophonic	easil
en_1877	caustically	homophonic	caustic
en_1883	pop	homographic	pop
en_1895	two	homophonic	too
en_1898	hit	homographic	hit
en_1906	slip	homographic	slip
en_191	mutter	homophonic	mother
en_1914	satirically	homophonic	satyr
en_1926	transparent	homographic	transparent
en_1927	grave	homographic	grave
en_1929	combing	homographic	combing
en_1931	edam	homophonic	Adam
en_1940	weakened	homophonic	weekend
en_1943	visionary	homophonic	vision
en_1951	fly	homographic	fly
en_1953	vision	homographic	vision
en_1954	cash	homophonic	cache
en_1955	run	homographic	run
en_1959	clean	homographic	clean
en_1960	squares	homographic	squares
en_1969	bouncing	homographic	bouncing
en_1972	daze	homophonic	days
en_1980	cut	homographic	cut
en_200	discarded	homographic	discarded
en_2004	appropriately	homophonic	appropriate
en_2007	swept	homographic	swept
en_2010	hollered	homophonic	hole
en_2014	take	homographic	take
en_2018	birds	homophonic	birdies
en_2020	varnish	homophonic	vanish
en_2024	heart	homographic	heart
en_2027	rave	homographic	rave
en_204	grace	homophonic	gray
en_2045	matt	homophonic	mat
en_2050	shell	homographic	shell
en_2052	dough	homographic	dough
en_2058	judgment	homographic	judgment
en_2061	draw	homographic	draw
en_2064	wired	homographic	wired
en_207	credit	homographic	credit
en_2070	saw	homographic	saw
en_208	plane	homophonic	place
en_2089	marx	homophonic	marks
en_2093	expire	homographic	expire
en_2097	dribble	homographic	dribble
en_2103	wilde	homophonic	wild
en_2104	fissure	homophonic	fisher
en_2109	pine	homographic	pine
en_2111	rash	homographic	rash
en_2117	gravity	homographic	gravity
en_2123	bit	homophonic	bitingly
en_2136	dead	homographic	dead
en_2144	concentration	homophonic	concentrate
en_2145	root	homophonic	route
en_215	toad	homophonic	towed
en_2154	census	homophonic	senses
en_2169	ribs	homographic	ribs
en_217	melting	homographic	melting
en_2175	triggered	homographic	triggered
en_2180	lessen	homophonic	listen
en_2181	incremental	homophonic	mental
en_2183	light	homographic	light
en_2187	wrenching	homographic	wrenching
en_2194	guiltily	homophonic	gilt
en_2197	drain	homophonic	brain
en_2198	justification	homographic	justification
en_2200	stir	homographic	stir
en_2212	tearable	homophonic	terrible
en_2217	briefly	homophonic	brief
en_2235	poodles	homophonic	puddles
en_224	russian	homophonic	rushing
en_2248	foliage	homophonic	coleridge
en_2254	rejoined	homographic	rejoined
en_2260	bass	homophonic	base
en_2262	haulways	homophonic	hallways
en_2296	boring	homographic	boring
en_231	refuse	homographic	refuse
en_2317	dryly	homophonic	dry
en_2320	foot	homographic	foot
en_2322	flexible	homographic	flexible
en_2324	paper	homographic	paper
en_2329	feints	homophonic	faints
en_2334	bare	homophonic	bear
en_2337	ironically	homographic	ironically
en_2340	gene	homographic	gene
en_2344	ante	homophonic	auntie
en_2359	drain	homographic	drain
en_2361	aiken	homophonic	aching
en_2373	stand	homographic	stand
en_2385	tangent	homographic	tangent
en_2389	mechanically	homographic	mechanically
en_24	register	homographic	register
en_2407	cuts	homographic	cuts
en_2410	guessed	homophonic	guest
en_2424	mansion	homophonic	mention
en_243	currying	homophonic	curry
en_2433	stationery	homophonic	stationary
en_2449	rut	homographic	rut
en_245	bounce	homographic	bounce
en_2450	peanuts	homographic	peanuts
en_2452	vegetate	homographic	vegetate
en_2453	abstractly	homographic	abstractly
en_2459	integral	homographic	integral
en_246	dole	homographic	dole
en_2466	brine	homophonic	brain
en_2480	bickered	homophonic	bic
en_2486	drought	homophonic	doubt
en_2491	tartly	homographic	tartly
en_2493	frays	homophonic	phrase
en_2496	patients	homophonic	patience
en_2502	premises	homographic	premises
en_2508	policy	homographic	policy
en_2513	esteem	homophonic	steam
en_2514	jab	homophonic	job
en_2536	rugged	homophonic	rug
en_2539	vision	homographic	vision
en_2541	wastefully	homophonic	waist
en_2548	negatively	homographic	negatively
en_2549	reptiles	homophonic	tiles
en_2550	sandy	homographic	sandy
en_2552	feudal	homophonic	futile
en_2557	religious	homographic	religious
en_2563	knead	homophonic	need
en_2565	reservation	homographic	reservation
en_2566	dying	homographic	dying
en_2570	irrigation	homophonic	irritation
en_2578	chicken	homographic	chicken
en_258	thick	homophonic	sick
en_2585	mute	homophonic	moot
en_2595	Clarence	homophonic	clearance
en_2602	crane	homographic	crane
en_2606	parish	homophonic	perish
en_2614	still	homographic	still
en_2616	sale	homophonic	sail
en_262	bat	homophonic	hat
en_2622	derailed	homographic	derailed
en_2626	wickerd	homophonic	wicked
en_2630	element	homographic	element
en_2632	rich	homographic	rich
en_2651	algorithm	homophonic	a good rythm
en_2662	grass	homographic	grass
en_2664	dough	homographic	dough
en_2665	spark	homographic	spark
en_2666	alloys	homophonic	allies
en_2667	came	homographic	came
en_2676	beady	homophonic	bead
en_2686	bamboozled	homophonic	bamboo
en_2705	needling	homographic	needling
en_2712	kiln	homophonic	killing
en_2714	pray	homophonic	pay
en_2718	c	homophonic	see
en_2719	weight	homophonic	wait
en_2729	crutch	homophonic	crush
en_2735	down	homographic	down
en_2736	draw	homographic	draw
en_2739	cards	homographic	cards
en_2740	cut	homographic	cut
en_2746	bright	homographic	bright
en_2747	accord	homophonic	chord
en_275	bellicose	homophonic	varicose
en_2752	disappear	homographic	disappear
en_2756	convertible	homographic	convertible
en_2757	show	homographic	show
en_2767	vegetables	homographic	vegetables
en_2774	hans	homophonic	hands
en_2779	drooling	homographic	drooling
en_2780	shocked	homographic	shocked
en_280	knowingly	homophonic	no
en_2805	mouse	homographic	mouse
en_2814	rune	homophonic	ruin
en_2820	upheld	homographic	upheld
en_2823	gnus	homophonic	news
en_2828	incensed	homophonic	incense
en_2829	deadwood	homographic	deadwood
en_2832	liaisons	homophonic	lessons
en_284	sole	homophonic	soul
en_2840	flash	homographic	flash
en_2842	movingly	homophonic	moving
en_2843	fell	homographic	fell
en_2846	vainly	homophonic	vane
en_2851	cut	homographic	cut
en_2852	sentence	homographic	sentence
en_2857	tangents	homographic	tangents
en_286	esteem	homophonic	steam
en_2868	byte	homophonic	bite
en_2875	census	homophonic	senses
en_2893	counter	homographic	counter
en_2904	cue	homophonic	clue
en_291	fork	homographic	fork
en_2910	ear	homographic	ear
en_2912	samurais	homophonic	summarize
en_2913	yeast	homophonic	least
en_2916	baited	homophonic	bated
en_2923	rabid	homophonic	rabbit
en_2933	era	homophonic	ear
en_2942	brail	homophonic	bail
en_2945	mood	homophonic	moo
en_2946	deer	homophonic	dear
en_2947	take	homographic	take
en_2950	cel	homophonic	cell
en_2953	hostel	homophonic	hostile
en_2955	derangements	homophonic	arrangements
en_2961	frieze	homophonic	freeze
en_2965	leafing	homophonic	leaving
en_297	resonate	homographic	resonate
en_2977	false	homographic	false
en_2980	pasta	homophonic	past
en_2983	threads	homographic	threads
en_2985	smaug	homophonic	smug
en_2991	sherry	homographic	sherry
en_2993	stop	homographic	stop
en_3007	corneas	homophonic	corners
en_3016	omen	homophonic	homing
en_3018	garden	homophonic	guarding
en_3034	haywire	homographic	haywire
en_3036	freud	homophonic	fried
en_3043	run	homographic	run
en_3045	gecko	homophonic	echo
en_3048	orifice	homophonic	office
en_3054	stars	homographic	stars
en_3059	gail	homophonic	gale
en_3062	space	homographic	space
en_3066	bases	homographic	bases
en_3073	throng	homophonic	wrong
en_3077	alarmed	homophonic	alarm
en_3079	rest	homographic	rest
en_3081	joke	homographic	joke
en_3092	redaction	homophonic	reduction
en_3094	fret	homographic	fret
en_3108	element	homographic	element
en_3117	panes	homophonic	pains
en_3119	dark	homographic	dark
en_3126	cold	homographic	cold
en_3136	beat	homographic	beat
en_314	refined	homographic	refined
en_3142	petal	homophonic	pedal
en_3156	tolled	homophonic	told
en_3158	remarked	homographic	remarked
en_3165	cryptically	homographic	cryptically
en_3170	volume	homographic	volume
en_3176	hoot	homographic	hoot
en_3182	spade	homophonic	fade
en_3183	swallow	homographic	swallow
en_3184	addresses	homographic	addresses
en_3189	chain	homographic	chain
en_3195	monotonously	homophonic	monotone
en_32	account	homographic	account
en_3203	coral	homophonic	choral
en_3209	rabidly	homophonic	rabid
en_3223	leaf	homographic	leaf
en_3226	roots	homographic	roots
en_3233	venn	homophonic	when
en_3245	connections	homographic	connections
en_3249	perks	homophonic	works
en_3251	bridle	homophonic	bridal
en_3256	slipping	homographic	slipping
en_3258	bottom	homographic	bottom
en_3261	killer	homographic	killer
en_327	stoa	homophonic	store
en_3274	state	homographic	state
en_3282	upliftingly	homographic	upliftingly
en_3283	piece	homophonic	peace
en_3284	solution	homographic	solution
en_3286	farce	homophonic	force
en_3291	rapidly	homographic	rapidly
en_3301	officiously	homophonic	fish
en_331	raisin	homophonic	raising
en_3327	soots	homophonic	suits
en_3328	synergy	homophonic	sinergy
en_3344	intoned	homophonic	in tone
en_3345	relatively	homographic	relatively
en_3346	incensed	homophonic	incense
en_3347	yammered	homophonic	yam
en_3349	sleep	homographic	sleep
en_3354	junk	homophonic	jump
en_336	expressions	homographic	expressions
en_337	hitch	homographic	hitch
en_3383	attraction	homographic	attraction
en_3387	arranged	homographic	arranged
en_3388	accidentals	homophonic	accident
en_339	snorted	homographic	snorted
en_3396	ash	homophonic	ass
en_3399	hoosiery	homophonic	hosiery
en_3401	pitched	homographic	pitched
en_3422	motions	homographic	motions
en_3425	fire	homographic	fire
en_3439	delicious	homographic	delicious
en_3443	son	homophonic	sun
en_3445	hobbit	homophonic	habit
en_3450	growing	homographic	growing
en_3451	baited	homophonic	bated
en_3452	applauding	homophonic	apple
en_3453	suite	homophonic	sweet
en_3454	Korma	homophonic	Karma
en_3455	harry	homophonic	hairy
en_3462	flies	homographic	flies
en_3467	capitol	homophonic	capital
en_3470	forth	homophonic	fourth
en_3494	General	homographic	general
en_3495	pitch	homographic	pitch
en_3497	periodically	homophonic	periodical
en_3498	saucily	homophonic	sawsily
en_3499	riot	homophonic	right
en_3507	pitch	homographic	pitch
en_3519	barn	homophonic	born
en_3525	misconceptions	homophonic	conception
en_3533	windows	homographic	windows
en_3538	sagely	homophonic	sage
en_3554	net	homographic	net
en_3559	cabernet	homophonic	cabinet
en_3570	case	homographic	case
en_359	offal	homophonic	awful
en_3594	weights	homophonic	waste
en_3598	soots	homophonic	suits
en_36	bolder	homophonic	boulder
en_3613	fortitude	homophonic	forty-tude
en_362	pridefully	homophonic	pride
en_3621	average	homographic	average
en_3626	strain	homographic	strain
en_3629	spike	homographic	spike
en_3633	roomers	homophonic	rumors
en_3638	barked	homophonic	Bach
en_3643	sheik	homophonic	shake
en_3648	saving	homographic	saving
en_3650	crankily	homographic	crankily
en_366	high	homographic	high
en_3670	cymbalize	homophonic	symbolize
en_3674	apatite	homophonic	appetite
en_3677	pin	homographic	pin
en_3678	drive	homographic	drive
en_3680	rationally	homophonic	rational
en_3681	filed	homographic	filed
en_3684	rectified	homophonic	rectum
en_369	grip	homographic	grip
en_37	flier	homographic	flier
en_3705	keep	homographic	keep
en_3707	universal	homographic	universal
en_3708	descent	homophonic	decent
en_3713	chablis	homophonic	shabbily
en_3718	bitterly	homophonic	bitter
en_3719	measure	homographic	measure
en_372	turn	homographic	turn
en_3725	behind	homographic	behind
en_3729	chanted	homophonic	chan
en_3730	cannily	homophonic	Cannes
en_3739	breaths	homophonic	breasts
en_3742	vault	homophonic	fault
en_3747	stairing	homophonic	staring
en_3750	combination	homographic	combination
en_3756	wantonly	homophonic	wonton
en_3762	kick	homographic	kick
en_3763	faculties	homographic	faculties
en_3766	mused	homophonic	mews
en_377	snappy	homographic	snappy
en_3771	oscar	homographic	oscar
en_3775	lute	homographic	lute
en_3777	principal	homophonic	principle
en_3778	figures	homographic	figures
en_3780	see	homographic	see
en_3789	clicked	homographic	clicked
en_3798	disney	homophonic	dizzy
en_3799	summarily	homophonic	sum
en_3804	burrows	homophonic	Burroughs
en_3815	classless	homographic	classless
en_3830	taste	homographic	taste
en_3859	dead	homographic	dead
en_3871	granite	homophonic	granted
en_3874	alarmingly	homophonic	alarm
en_3882	grizzly	homographic	grizzly
en_3883	marching	homophonic	march
en_3886	splitting	homographic	splitting
en_3889	grainy	homographic	grainy
en_389	hops	homographic	hops
en_3892	waist	homophonic	waste
en_3897	quart	homophonic	court
en_3898	hedges	homographic	hedges
en_39	coyly	homophonic	coil
en_3907	downhill	homographic	downhill
en_3911	sundays	homophonic	sundaes
en_3918	boulder	homophonic	bolder
en_3925	flaming	homographic	flaming
en_3943	fertilize	homographic	fertilize
en_3948	ray	homographic	ray
en_395	forge	homographic	forge
en_3955	suit	homographic	suit
en_3957	seasoned	homographic	seasoned
en_3958	knave	homophonic	nave
en_3959	hospitably	homophonic	hospital
en_3966	taste	homographic	taste
en_3970	coup	homophonic	coo
en_3973	turns	homographic	turns
en_3974	nagged	homophonic	nag
en_3977	fired	homographic	fired
en_3980	hardened	homographic	hardened
en_3981	clammed	homophonic	clam
en_3982	berth	homophonic	birth
en_3983	spade	homophonic	fade
en_3985	records	homographic	records
en_3996	alive	homographic	alive
en_3999	swiftly	homophonic	Swift
en_4002	fan	homographic	fan
en_4004	throne	homophonic	thrown
en_4006	gnus	homophonic	news
en_4008	hole	homophonic	whole
en_4010	steal	homographic	steal
en_4012	heart	homographic	heart
en_4016	sweet	homophonic	suite
en_4018	impression	homographic	impression
en_4020	dummies	homographic	dummies
en_4025	sail	homophonic	sale
en_4027	iris	homographic	iris
en_403	bat	homographic	bat
en_4031	deep	homographic	deep
en_4034	bullion	homophonic	bull
en_4035	identities	homographic	identities
en_4041	zinc	homophonic	sink
en_4044	support	homographic	support
en_4052	callus	homophonic	callous
en_4055	blow	homographic	blow
en_4056	eon	homophonic	neon
en_4061	greece	homophonic	grease
en_4063	keep	homographic	keep
en_4068	projecting	homographic	projecting
en_4069	range	homographic	range
en_4072	cue	homographic	cue
en_4077	cold	homographic	cold
en_4082	radiating	homographic	radiating
en_409	justification	homographic	justification
en_4093	loaded	homographic	loaded
en_4104	got	homographic	got
en_4112	staged	homophonic	stage
en_4113	fowl	homophonic	foul
en_4123	focus	homographic	focus
en_4134	count	homographic	count
en_4135	peach	homographic	peach
en_4141	driven	homographic	driven
en_4150	overall	homophonic	overalls
en_4152	down	homographic	down
en_4154	light	homographic	light
en_416	tail	homophonic	tale
en_4175	consonant	homophonic	constant
en_4194	prince	homophonic	prints
en_4216	butter	homophonic	better
en_4224	knights	homophonic	nights
en_4229	composed	homophonic	compose
en_4231	ghoulishly	homophonic	ghoul
en_4239	baroque	homophonic	broken
en_424	box	homographic	box
en_4247	manual	homographic	manual
en_425	packeting	homophonic	packing
en_4254	scratch	homographic	scratch
en_4256	peddling	homophonic	pedaling
en_4259	weight	homographic	weight
en_4263	lute	homophonic	loot
en_4267	fuelish	homophonic	foolish
en_4269	illuminating	homographic	illuminating
en_4271	pony	homographic	pony
en_4278	expire	homographic	expire
en_4295	mist	homophonic	missed
en_4300	take	homographic	take
en_4309	canons	homophonic	cannons
en_4310	source	homophonic	sauce
en_4319	contain	homographic	contain
en_4324	hoppy	homophonic	happy
en_4330	touchy	homographic	touchy
en_4334	meteor	homophonic	meatier
en_4338	herd	homophonic	heard
en_434	cannily	homophonic	can
en_4342	heavily	homographic	heavily
en_4343	omm	homophonic	home
en_4344	weight	homographic	weight
en_4352	tuned	homographic	tuned
en_4361	astronomical	homographic	astronomical
en_4368	relatively	homographic	relatively
en_437	steal	homographic	steal
en_438	lint	homophonic	lent
en_4386	foot	homographic	foot
en_4387	figures	homographic	figures
en_440	exorcises	homophonic	exercises
en_4408	feet	homophonic	feat
en_4410	pointlessly	homographic	pointlessly
en_4413	brandy	homographic	brandy
en_4417	kodiak	homophonic	kodak
en_4418	presence	homophonic	presents
en_442	pine	homographic	pine
en_4422	pi	homophonic	pie
en_4425	winged	homographic	winged
en_4426	loess	homophonic	lowest
en_4428	hopefully	homographic	hopefully
en_4436	phased	homophonic	fazed
en_4437	levels	homographic	levels
en_4439	animated	homographic	animated
en_4443	might	homographic	might
en_4447	washed	homographic	washed
en_445	steps	homographic	steps
en_4452	momentum	homographic	momentum
en_4454	herb	homographic	herb
en_4457	lot	homographic	lot
en_4461	pawn	homophonic	pawnbroker
en_4463	spirits	homographic	spirits
en_4469	world	homographic	world
en_4484	aches	homophonic	eggs
en_4486	secant	homophonic	second
en_449	chemistry	homographic	chemistry
en_4496	blast	homographic	blast
en_4499	cavity	homographic	cavity
en_45	phase	homophonic	fade
en_4500	crowed	homophonic	crow
en_4508	crowns	homographic	crowns
en_4511	jump	homographic	jump
en_4517	bale	homophonic	bail
en_4520	react	homographic	react
en_4534	awl	homophonic	all
en_4535	tables	homographic	tables
en_4540	brooks	homographic	brooks
en_455	grimly	homophonic	grim
en_456	perspective	homographic	perspective
en_4564	dirty	homographic	dirty
en_4568	balut	homophonic	ballot
en_4577	trenchantly	homophonic	trench
en_4581	hearing	homographic	hearing
en_4583	insulating	homophonic	insulting
en_4591	moles	homographic	moles
en_4593	lamb	homophonic	lam
en_4594	puckishly	homophonic	puck
en_46	dive	homographic	dive
en_4611	hooks	homographic	hooks
en_4615	cool	homographic	cool
en_4618	leo	homographic	leo
en_4619	straight	homographic	straight
en_4620	reception	homographic	reception
en_4625	boils	homographic	boils
en_4627	rakes	homographic	rakes
en_463	fallout	homographic	fallout
en_4631	catarrh	homophonic	Qatar
en_4642	developing	homographic	developing
en_4655	track	homographic	track
en_4656	breaking	homographic	breaking
en_4660	irrational	homophonic	irrashional
en_4661	don	homophonic	dawn
en_4671	frosty	homographic	frosty
en_4682	gas	homographic	gas
en_4685	problems	homographic	problems
en_469	lice	homophonic	lies
en_4692	Obsoletely	homophonic	absolutely
en_470	fishy	homographic	fishy
en_4702	patent	homographic	patent
en_4704	aunts	homophonic	ants
en_4711	hosta	homophonic	hostal
en_4715	geek	homophonic	greek
en_4718	sovereignty	homophonic	seventy
en_4720	canvas	homographic	canvas
en_4725	pane	homophonic	pain
en_473	dark	homographic	dark
en_4738	inflation	homographic	inflation
en_4749	chills	homographic	chills
en_4771	jim	homophonic	gym
en_4777	dyed	homophonic	died
en_4781	stage	homographic	stage
en_4796	taut	homophonic	taught
en_4800	took	homographic	took
en_4803	role	homophonic	roll
en_4804	praise	homophonic	age
en_4806	gratingly	homographic	grating
en_4813	broken	homographic	broken
en_4817	taxed	homophonic	text
en_4824	deflowered	homographic	deflowered
en_4828	crunch	homographic	crunch
en_4829	prune	homographic	prune
en_4830	holey	homophonic	holy
en_4833	locked	homographic	locked
en_4836	vent	homographic	vent
en_4848	lumberingly	homophonic	lumber
en_4853	tips	homographic	tips
en_4862	partial	homographic	partial
en_4879	bill	homographic	bill
en_4889	bat	homographic	bat
en_4899	alleged	homophonic	a ledge
en_491	gravy	homophonic	grave
en_4910	align	homographic	align
en_4921	possesive	homographic	possesive
en_4939	thirst	homographic	thirst
en_4958	groundbreaking	homographic	groundbreaking
en_4959	spark	homographic	spark
en_4969	tuning	homographic	tuning
en_4980	fangs	homophonic	thanks
en_4981	encapsulating	homophonic	capsule
en_4989	handy	homographic	handy
en_4991	cushion	homographic	cushion
en_4995	son	homophonic	sun
en_5000	mutton	homophonic	nothing
en_5017	pressure	homographic	pressure
en_5021	stitches	homographic	stitches
en_5023	barbarous	homophonic	barber
en_5030	belle	homophonic	bell
en_5033	lamely	homographic	lamely
en_5038	loftily	homophonic	loft
en_5050	illumination	homographic	illumination
en_5053	avery	homophonic	aviary
en_5063	luck	homographic	luck
en_5090	recounted	homographic	recounted
en_5091	steal	homophonic	steel
en_5098	ticks	homographic	ticks
en_5106	mold	homographic	mold
en_5108	derivative	homographic	derivative
en_511	develops	homographic	develops
en_5111	apparently	homophonic	parent
en_5114	weak	homophonic	week
en_5120	sweet	homographic	sweet
en_5121	target	homographic	target
en_5124	hardened	homographic	hardened
en_5129	mature	homographic	mature
en_5158	fruitlessly	homophonic	fruitfully
en_5159	punishment	homophonic	pun
en_5164	hash	homographic	hash
en_5165	phased	homophonic	fazed
en_5167	evilly	homophonic	eve
en_5172	symphony	homophonic	sympathy
en_5180	grade	homophonic	fade
en_5182	turn	homographic	turn
en_5189	candied	homophonic	candid
en_519	time	homographic	time
en_5205	raven	homophonic	raving
en_5217	weight	homographic	weight
en_5219	grilled	homographic	grilled
en_5220	releaved	homophonic	relieved
en_5231	diplomatically	homographic	diplomatically
en_5239	hz	homophonic	hurts
en_5241	prophet	homophonic	proft
en_5242	bare	homophonic	bear
en_5243	point	homographic	point
en_5244	dragon	homophonic	drag on
en_5247	lab	homographic	lab
en_5248	bellowed	homographic	bellowed
en_5261	shouldering	homographic	shouldering
en_5263	racket	homographic	racket
en_527	bucks	homographic	bucks
en_5278	tutor	homophonic	toot
en_5286	cheetah	homophonic	cheat
en_5291	number	homographic	number
en_5295	winer	homophonic	whiner
en_5300	unhinged	homographic	unhinged
en_5309	chicken	homographic	chicken
en_5324	precipitous	homographic	precipitous
en_5331	inclined	homographic	inclined
en_5339	slay	homophonic	sleigh
en_5343	bubbled	homographic	bubbled
en_5356	get	homographic	get
en_5357	circulation	homographic	circulation
en_5366	deer	homophonic	dear
en_5374	mechanically	homophonic	mechanicaaly
en_5378	ruins	homographic	ruins
en_5399	sly	homographic	sly
en_5403	stinks	homographic	stinks
en_541	stirrup	homophonic	stir up
en_5415	tone	homographic	tone
en_5428	dream	homographic	dream
en_5434	cover	homographic	cover
en_544	intoxicating	homographic	intoxicating
en_5440	boot	homographic	boot
en_5447	amazon	homographic	amazon
en_5455	migrane	homophonic	migraine
en_5463	cans	homophonic	cants
en_5467	sprinkles	homographic	sprinkles
en_5469	track	homographic	track
en_5473	bazaar	homophonic	bizarre
en_5480	recycling	homographic	recycling
en_5481	tension	homographic	tension
en_5482	undeeded	homophonic	unneeded
en_5487	charged	homographic	charged
en_5493	candidly	homophonic	candide
en_5495	barked	homophonic	bach
en_5502	promised	homographic	promised
en_5504	fly	homographic	fly
en_5507	unbelievable	homographic	unbelievable
en_5513	sheer	homophonic	shear
en_5517	sandy	homographic	sandy
en_5518	poring	homophonic	pouring
en_5520	cement	homographic	cement
en_5526	bone	homographic	bone
en_553	wave	homophonic	rave
en_5542	serving	homographic	serving
en_5547	humorlessly	homophonic	humor
en_5552	impression	homographic	impression
en_5556	impact	homographic	impact
en_5570	whys	homophonic	wise
en_5586	carry	homographic	carry
en_5588	cuttingly	homographic	cuttingly
en_5598	anagram	homophonic	a gram
en_5602	confidants	homophonic	confidence
en_5607	cavity	homographic	cavity
en_5611	pedal	homophonic	peddle
en_5614	concentration	homographic	concentration
en_5616	stalin	homophonic	stalling
en_5618	prone	homographic	prone
en_5619	snapped	homographic	snapped
en_5620	leek	homophonic	leak
en_5621	remains	homographic	remains
en_5622	see	homographic	see
en_5628	vein	homophonic	vain
en_5632	sucked	homographic	sucked
en_5633	toast	homographic	toast
en_5634	trace	homographic	trace
en_5638	vault	homographic	vault
en_5642	pane	homophonic	pain
en_5648	flake	homographic	flake
en_5649	slowly	homophonic	sloe
en_5652	jab	homophonic	job
en_5653	sirius	homophonic	serious
en_5662	kitten	homophonic	kidding
en_5663	pointless	homographic	pointless
en_5681	taxis	homophonic	texes
en_5684	fortified	homographic	fortified
en_569	parts	homographic	parts
en_5691	present	homographic	present
en_5727	kid	homographic	kid
en_5731	phase	homographic	phase
en_5749	gait	homophonic	gate
en_5770	pears	homophonic	peers
en_5771	mourning	homophonic	morning
en_5780	crowning	homographic	crowning
en_5783	type	homographic	type
en_5795	flatteringly	homophonic	flatteningly
en_5797	sheepishly	homographic	sheepishly
en_5798	stank	homophonic	sank
en_5799	swept	homographic	swept
en_5808	sedimental	homophonic	sentimental
en_5813	interest	homographic	interest
en_5818	cabinets	homophonic	cabinetes
en_5821	freight	homophonic	fright
en_5822	c	homophonic	sea
en_5825	gilt	homophonic	guilt
en_5826	periodically	homophonic	periodical
en_583	tired	homographic	tired
en_5831	torque	homophonic	talk
en_584	plant	homographic	plant
en_5840	stationery	homophonic	stationary
en_5845	take	homographic	take
en_585	ham	homographic	ham
en_5853	immersed	homographic	immersed
en_5854	grind	homographic	grind
en_5855	commited	homographic	commited
en_5860	resisted	homophonic	opposed
en_5873	roll	homophonic	role
en_589	engorgement	homophonic	engagement
en_5890	coolly	homophonic	coolie
en_5899	chants	homophonic	chance
en_5903	clothing	homophonic	closing
en_5906	screaming	homophonic	screening
en_5911	perils	homophonic	pearls
en_5919	right	homophonic	alright
en_5930	mall	homophonic	mile
en_594	white	homophonic	right
en_5942	miners	homophonic	minors
en_5949	hart	homophonic	heart
en_5964	boos	homophonic	booze
en_5968	striking	homographic	striking
en_5981	wavelength	homographic	wavelength
en_5983	hare	homophonic	hair
en_5988	combination	homographic	combination
en_600	caustically	homophonic	caustic
en_6006	lion	homophonic	line
en_602	frank	homographic	frank
en_6021	falling	homographic	falling
en_6027	shrink	homographic	shrink
en_6031	shape	homographic	shape
en_6032	shots	homographic	shots
en_6033	faculties	homographic	faculties
en_606	gladly	homophonic	gladiolus
en_6083	stonily	homophonic	stone
en_6088	execution	homographic	execution
en_6101	mouthful	homographic	mouthful
en_6106	discharged	homographic	discharged
en_6108	sod	homophonic	sought
en_6109	psalms	homophonic	palms
en_6110	ties	homographic	ties
en_6121	nailing	homographic	nailing
en_6122	clauses	homographic	clauses
en_6134	openly	homophonic	open
en_6136	odd	homographic	odd
en_6138	knight	homophonic	night
en_6140	bough	homophonic	bow
en_6143	goal	homographic	goal
en_6144	booked	homophonic	book
en_6153	retire	homophonic	tire
en_6155	recoup	homophonic	coup
en_6159	look	homographic	look
en_6161	cougher	homophonic	offer
en_6162	peeped	homophonic	peep
en_6166	tenor	homophonic	tender
en_6171	meat	homophonic	meet
en_6173	thrown	homographic	thrown
en_6174	let	homographic	let
en_6180	stiltedly	homophonic	stilts
en_6182	cuts	homographic	cuts
en_6183	hold	homographic	hold
en_6195	gut	homographic	gut
en_6198	shorts	homographic	shorts
en_6199	terminal	homographic	terminal
en_620	oar	homophonic	hour
en_6201	song	homographic	song
en_6206	knotty	homophonic	naughty
en_6210	flare	homophonic	flair
en_6218	funny	homographic	funny
en_622	tacks	homophonic	tax
en_6222	haik	homophonic	hike
en_6240	john	homographic	john
en_6244	passion	homophonic	passing
en_6247	lamas	homographic	lamas
en_6249	point	homographic	point
en_6252	projected	homographic	projected
en_6256	stand	homographic	stand
en_6270	consomme	homophonic	consummate
en_6275	doggedly	homophonic	dog
en_6276	gracefully	homophonic	grace
en_6281	noncents	homophonic	nonsense
en_6283	heated	homographic	heated
en_6285	coarse	homophonic	course
en_631	revealing	homographic	revealing
en_6311	ceiling	homophonic	sealing
en_6319	crummy	homophonic	crumbs
en_6320	spell	homographic	spell
en_6330	friezing	homophonic	freezing
en_6338	mail	homographic	mail
en_6343	tips	homographic	tips
en_6345	line	homographic	line
en_6347	bragged	homophonic	bragg
en_6359	sea	homophonic	see
en_6365	pressed	homographic	pressed
en_6367	symbols	homophonic	cymbals
en_6375	viewpoints	homographic	viewpoints
en_6384	poller	homophonic	polar
en_6387	batty	homophonic	bat
en_6395	fluke	homographic	fluke
en_64	staring	homophonic	stairs
en_6402	hook	homographic	hook
en_6406	entrenched	homophonic	trench
en_6411	afoul	homophonic	a foul
en_6413	sap	homographic	sap
en_6414	mourned	homophonic	morn
en_6416	appendix	homographic	appendix
en_6417	presently	homophonic	present
en_6425	charged	homographic	charged
en_6436	blossoming	homographic	blossoming
en_6441	whirled	homophonic	world
en_6443	manically	homophonic	manacle
en_6448	cymbals	homophonic	symbols
en_6460	came	homographic	came
en_6463	wanton	homophonic	wonton
en_6469	splice	homophonic	slice
en_6483	spruced	homophonic	spruce
en_6488	feet	homophonic	feat
en_6490	boughs	homophonic	bows
en_6499	erased	homographic	erased
en_65	derailed	homographic	derailed
en_6500	outlet	homographic	outlet
en_6502	exhausted	homophonic	exhaust
en_6504	lynx	homophonic	links
en_6506	father	homophonic	feather
en_6507	stuff	homographic	stuff
en_6508	reaction	homographic	reaction
en_6509	aisles	homophonic	isles
en_6512	grate	homophonic	great
en_6515	weather	homographic	weather
en_6516	manuel	homophonic	manual
en_652	tee	homophonic	tea
en_6529	functions	homographic	functions
en_6532	buffaloed	homophonic	buffalo
en_6543	allusion	homophonic	illusion
en_6552	flatly	homophonic	flat
en_6553	flag	homographic	flag
en_6555	web	homographic	web
en_6558	see	homographic	see
en_6565	front	homographic	front
en_6568	suggestions	homographic	suggestions
en_6575	developed	homographic	developed
en_6584	pointed	homographic	pointed
en_6589	maine	homophonic	main
en_6610	influential	homophonic	influenza
en_6612	lumbar	homophonic	lumber
en_6615	loaded	homographic	loaded
en_6616	track	homographic	track
en_6625	espresso	homophonic	express
en_6626	outlet	homographic	outlet
en_6631	reflectively	homophonic	reflective
en_6632	loop	homographic	loop
en_6639	waist	homophonic	waste
en_6644	shot	homographic	shot
en_6666	cereal	homophonic	serial
en_6672	scenter	homophonic	center
en_6673	pi	homophonic	pie
en_6679	grouper	homographic	grouper
en_6682	wade	homographic	wade
en_6689	rare	homographic	rare
en_6691	attractive	homographic	attractive
en_6693	pair	homophonic	pear
en_6699	fare	homophonic	fair
en_6701	cosign	homophonic	sign
en_6705	loathe	homophonic	loaf
en_6722	engels	homophonic	angles
en_6734	blowup	homographic	blowup
en_6739	raft	homographic	raft
en_6745	vision	homographic	vision
en_6746	broke	homographic	broke
en_6748	express	homographic	express
en_6759	shallow	homographic	shallow
en_6762	dyed	homophonic	died
en_6785	fleetingly	homophonic	fleet
en_6789	catch	homographic	catch
en_6795	sphincter	homophonic	richter
en_6804	wok	homophonic	walk
en_6805	sedimental	homophonic	sentimental
en_6810	add	homographic	add
en_6813	skip	homographic	skip
en_6824	melody	homographic	melody
en_6829	material	homographic	material
en_6834	womb	homophonic	room
en_6838	corps	homophonic	core
en_6841	multiply	homographic	multiply
en_6842	longer	homographic	longer
en_6855	fleece	homophonic	fleas
en_6858	stir	homographic	stir
en_686	dirk	homophonic	dark
en_6861	contractions	homophonic	actions
en_6865	wax	homographic	wax
en_6876	pi	homophonic	pie
en_6880	riveting	homographic	riveting
en_6885	knotty	homophonic	naughty
en_6888	chick	homographic	chick
en_6895	excelling	homophonic	excel
en_6902	multiply	homographic	multiply
en_6905	odor	homophonic	order
en_6909	heal	homophonic	heel
en_691	privately	homophonic	private
en_6913	pi	homophonic	pie
en_6914	pier	homophonic	peer
en_6919	carats	homophonic	carrots
en_6922	pigeon	homophonic	pidgin
en_6932	pointless	homographic	pointless
en_695	constipation	homophonic	constitution
en_6950	piously	homophonic	pi
en_6951	pocket	homographic	pocket
en_6966	domain	homographic	domain
en_6990	refluxes	homophonic	reflexes
en_6997	bonding	homophonic	bond
en_6998	baggage	homographic	baggage
en_7	notably	homophonic	note
en_70	stable	homographic	stable
en_700	son	homophonic	sun
en_701	dye	homophonic	die
en_7013	bovine	homophonic	divine
en_7020	emulsional	homophonic	emotional
en_7024	baldwin	homophonic	balding
en_703	battery	homographic	battery
en_7031	guts	homographic	guts
en_7039	presently	homophonic	present
en_7049	rich	homographic	rich
en_7059	acre	homophonic	ache
en_7064	ludacris	homographic	ludacris
en_7067	makeover	homographic	makeover
en_707	scores	homographic	scores
en_7076	4th	homophonic	force
en_708	differentiate	homographic	differentiate
en_7087	nuts	homographic	nuts
en_7095	wade	homophonic	fade
en_7096	interest	homographic	interest
en_7097	struck	homographic	struck
en_7101	got	homographic	got
en_7105	legend	homographic	legend
en_7108	hole	homophonic	whole
en_7109	faculties	homographic	faculties
en_7117	root	homographic	root
en_7125	marooned	homophonic	maroon
en_7126	dig	homographic	dig
en_7133	timeless	homographic	timeless
en_7136	blow	homographic	blow
en_7138	seas	homophonic	sieze
en_7154	attractive	homographic	attractive
en_7155	franc	homophonic	frank
en_7159	console	homographic	console
en_7165	connections	homographic	connections
en_7167	seamen	homophonic	see men
en_717	plane	homophonic	plain
en_7170	finnish	homophonic	finishing
en_7172		homographic	
en_7173	storm	homographic	storm
en_7174	resistance	homographic	resistance
en_7180	fell	homographic	fell
en_7182	goal	homographic	goal
en_7187	taken	homographic	taken
en_7191	sale	homophonic	sail
en_7194	croaked	homographic	croaked
en_7195	balance	homographic	balance
en_7196	attached	homographic	attached
en_7202	feat	homophonic	feet
en_7205	connections	homographic	connections
en_7208	soaked	homographic	soaked
en_721	mass	homographic	mass
en_7216	log	homographic	log
en_7219	hilariously	homophonic	hillary
en_7222	feat	homophonic	feet
en_7224	pull	homographic	pull
en_7227	quiveringly	homophonic	quiver
en_723	razing	homophonic	raising
en_7238	deflowered	homographic	deflowered
en_7239	patiently	homophonic	patient
en_725	otto	homophonic	auto
en_7258	shucks	homophonic	sucks
en_7277	sprees	homophonic	trees
en_7279	doe	homophonic	dough
en_7282	balls	homographic	balls
en_7292	melons	homographic	melons
en_7296	shelved	homographic	shelved
en_731	group	homographic	group
en_7318	flippantly	homophonic	flip
en_7319	signs	homographic	signs
en_7332	guerrilla	homophonic	gorilla
en_7345	harley	homophonic	hardly
en_7348	admitted	homophonic	admit
en_7352	match	homographic	match
en_7365	bluntly	homophonic	blunt
en_7366	pint	homophonic	point
en_7368	evolved	homographic	evolved
en_7374	skeleton	homographic	skeleton
en_7382	find	homographic	find
en_7383	queue	homophonic	cue
en_7384	rogaine	homophonic	regain
en_7386	ripe	homographic	ripe
en_7402	pensive	homophonic	pen
en_7406	submerged	homographic	submerged
en_7421	granulated	homographic	granulated
en_7432	out	homographic	out
en_7436	picking	homographic	picking
en_7438	philately	homophonic	flattery
en_7444	vise	homophonic	vice
en_7454	directions	homographic	directions
en_747	pruned	homophonic	prune
en_7474	plaque	homographic	plaque
en_7478	closer	homographic	closer
en_748	call	homographic	call
en_7488	unalienable	homophonic	alien
en_7489	gaily	homophonic	gay
en_7494	docked	homographic	docked
en_7496	octave	homophonic	active
en_75	monumental	homophonic	monument
en_7508	dressing	homographic	dressing
en_754	storm	homographic	storm
en_7540	turn	homographic	turn
en_7547	gutter	homographic	gutter
en_7554	parkay	homophonic	parquet
en_7560	butt	homophonic	but
en_7564	spoiled	homographic	spoiled
en_7581	transparent	homographic	transparent
en_7582	discarded	homographic	discarded
en_7593	cotton	homophonic	caught on
en_7604	atmosphere	homographic	atmosphere
en_7608	high	homographic	high
en_761	leered	homophonic	leer
en_7611	rolling	homographic	rolling
en_7612	weight	homophonic	wait
en_762	chickened	homophonic	chicken
en_7636	staph	homophonic	staff
en_7637	energy	homographic	energy
en_7639	pat	homographic	pat
en_7652	juicy	homographic	juicy
en_7655	roles	homophonic	rolls
en_7658	legends	homographic	legends
en_7673	roomers	homophonic	rumors
en_7680	wet	homophonic	whet
en_7696	tangent	homographic	tangent
en_7697	koi	homophonic	coy
en_771	cannily	homophonic	cannes
en_7724	snags	homographic	snags
en_773	friesian	homophonic	freezing
en_7732	phillip	homophonic	philips
en_7739	novel	homographic	novel
en_7740	comet	homophonic	comment
en_7747	plate	homographic	plate
en_7749	patience	homophonic	patients
en_7751	victor	homographic	victor
en_7753	rites	homophonic	rights
en_7754	congealed	homophonic	concealed
en_7757	clause	homophonic	cause
en_7759	spark	homographic	spark
en_7762	date	homographic	date
en_7766	son	homophonic	sun
en_7783	ethernet	homophonic	ether
en_7790	suer	homophonic	sewer
en_7796	hi	homophonic	high
en_7798	rage	homographic	rage
en_78	tight	homographic	tight
en_7801	quarters	homographic	quarters
en_7804	reception	homographic	reception
en_7815	foggiest	homophonic	foggy
en_7817	beta	homophonic	bet
en_7818	charity	homographic	charity
en_782	naval	homophonic	navel
en_7832	aweigh	homophonic	away
en_7847	buzz	homographic	buzz
en_7852	elementary	homophonic	elements
en_7853	putter	homographic	putter
en_7854	bars	homographic	bars
en_7859	jung	homophonic	young
en_7860	instrumental	homophonic	instrument
en_7866	vinyl	homophonic	final
en_7875	level	homographic	level
en_7888	spatial	homophonic	space
en_7890	stock	homographic	stock
en_7895	author	homophonic	offer
en_7896	led	homophonic	lead
en_79	constellation	homophonic	consolation
en_7903	ameliorated	homophonic	amelia
en_7909	roomers	homophonic	rumors
en_7936	wait	homophonic	weight
en_7938	fault	homographic	fault
en_7940	derek	homophonic	derrick
en_7941	hymned	homophonic	hemmed
en_7946	overboard	homographic	overboard
en_795	knows	homophonic	nose
en_7950	pail	homophonic	pale
en_7958	illusions	homographic	illusions
en_7969	tips	homographic	tips
en_7970	grain	homographic	grain
en_7977	plant	homographic	plant
en_7985	up	homographic	up
en_7992	volume	homographic	volume
en_7994	jam	homographic	jam
en_7997	snap	homographic	snap
en_7998	tempo	homophonic	temper
en_8004	slide	homophonic	side
en_8011	find	homographic	find
en_8015	problems	homographic	problems
en_8020	filling	homographic	filling
en_8022	harold	homophonic	herald
en_8023	juggler	homophonic	jugular
en_8032	bar	homographic	bar
en_8033	obtusely	homophonic	obtuse
en_8035	platter	homophonic	matter
en_8038	score	homographic	score
en_8042	electrified	homographic	electrified
en_8051	uncertainly	homophonic	uncertainty
en_8058	toasted	homographic	toasted
en_8061	psalms	homophonic	palms
en_8062	picking	homographic	picking
en_807	sari	homophonic	sorry
en_8078	candidly	homophonic	candide
en_8085	irrational	homographic	irrational
en_8088	mark	homographic	mark
en_8093	complex	homographic	complex
en_8098	mimes	homophonic	minds
en_8115	emmy	homographic	emmy
en_8123	painfully	homophonic	pane
en_8135	corporal	homophonic	carpal
en_815	developed	homographic	developed
en_8153	chuck	homographic	chuck
en_8154	offensive	homographic	offensive
en_8155	remoras	homophonic	remorse
en_8156	humerus	homophonic	humorous
en_8159	blew	homographic	blew
en_8170	state	homographic	state
en_8174	hit	homographic	hit
en_8175	tie	homographic	tie
en_8186	maid	homophonic	made
en_8194	butcher	homographic	butcher
en_8196	woe	homophonic	whoa
en_8197	power	homographic	power
en_820	sting	homographic	sting
en_8209	sparingly	homophonic	spare
en_821	pacific	homophonic	specific
en_8213	gushed	homographic	gushed
en_822	charge	homographic	charge
en_8227	flop	homographic	flop
en_8233	crotchety	homophonic	crotchet
en_8239	love	homographic	love
en_8259	archly	homophonic	arch
en_826	potential	homographic	potential
en_8266	peddled	homophonic	pedaled
en_8280	crude	homographic	crude
en_8281	wailed	homophonic	whaled
en_8284	retail	homophonic	re-tail
en_8292	singed	homophonic	sinned
en_8296	whey	homophonic	way
en_8304	pay	homographic	pay
en_8315	red	homographic	red
en_8321	pondered	homophonic	pond
en_8323	whiskey	homophonic	risky
en_8339	clubs	homographic	clubs
en_8343	god	homophonic	good
en_8344	grossly	homophonic	gross
en_8356	pooped	homographic	pooped
en_8359	focus	homographic	focus
en_8361	amply	homophonic	amp
en_8362	tender	homographic	tender
en_8369	weather	homographic	weather
en_8373	would	homophonic	wood
en_8374	boot	homographic	boot
en_8388	ambiance	homophonic	ambulance
en_8392	bounced	homographic	bounced
en_8393	faculties	homographic	faculties
en_8396	cuckoo	homographic	cuckoo
en_8400	coffin	homophonic	coughing
en_8402	rich	homographic	rich
en_8404	high	homographic	high
en_8410	infractions	homophonic	fractions
en_8425	arms	homographic	arms
en_8427	retainer	homographic	retainer
en_8442	root	homographic	root
en_8451	marked	homographic	marked
en_8452	tryst	homophonic	twist
en_8460	lathering	homophonic	laughing
en_8463	fare	homophonic	fair
en_8465	negatively	homophonic	negatives
en_8467	granite	homophonic	granted
en_8468	mean	homographic	mean
en_8471	contact	homographic	contact
en_8472	plugging	homographic	plugging
en_8473	porpoise	homophonic	purpose
en_853	checkered	homophonic	checkers
en_854	bidder	homophonic	bitter
en_857	hostel	homophonic	hostile
en_86	accident	homographic	accident
en_868	connection	homographic	connection
en_874	radiantly	homophonic	radiation
en_877	holes	homographic	holes
en_901	whistfully	homophonic	whist
en_902	zest	homographic	zest
en_91	average	homographic	average
en_913	degrees	homographic	degrees
en_918	clean	homographic	clean
en_920	cycles	homographic	cycles
en_929	hoer	homophonic	hoe
en_935	tops	homographic	tops
en_937	potty	homographic	potty
en_940	slayed	homophonic	said
en_959	soul	homophonic	sole
en_962	forms	homographic	forms
en_965	latitude	homographic	latitude
en_968	tolkien	homophonic	talking
en_99	shuffle	homographic	shuffle